Greek,Notes,Part of Speech,English
μέν,…μέν…δέ,particle,on the one hand…on the other…[marks a contrast]
ἀγαθός,"ἀγαθός, ἀγαθή, ἀγαθόν",adj 212,good
ἄγαν,ἄγαν,adv,too much
ἀγγέλλω,"ἀγγέλλω, ἀγγελῶ, ἤγγειλα, ἠγγέλθην",verb,I announce
ἄγγελος,"ἄγγελος, ἀγγέλου, ὁ",noun 2 m,messenger
ἀγνοέω,"ἀγνοέω, ἀγνοήσω, ἠγνόησα, ἠγνοήθην",verb,I do not know
ἀγορά,"ἀγορά, ἀγορᾶς, ἡ",noun 1 f,market-place
ἀγρός,"ἀγρός, ἀγροῦ, ὁ",noun 2 m,"field, countryside"
ἄγω,"ἄγω, ἄξω, ἤγαγον, ἤχθην",verb,"I lead, bring"
ἀγών,"ἀγών, ἀγῶνος, ὁ",noun 3 m,"contest, trial"
ἀδελφή,"ἀδελφή, ἀδελφῆς, ἡ",noun 1 f,sister
ἀδελφός,"ἀδελφός, ἀδελφοῦ, ὁ",noun 2 m,brother
ἀδικέω,"ἀδικέω, ἀδικήσω, ἠδίκησα, ἠδικήθην",verb,"I wrong, injure (someone)"
ἀδικία,"ἀδικία, ἀδικίας, ἡ",noun 1 f,"a wrong, wrong-doing"
ἄδικος,"ἄδικος, ἄδικον",adj 22,criminal
ἀεί,ἀεί,adv,always
Ἀθῆναι,"Ἀθῆναι, Ἀθηνῶν, αἱ",noun 1 f,Athens
Ἀθηναῖοι,"Ἀθηναῖοι, Ἀθηναίων οἱ",noun 2 m,Athenians
ἆθλον,"ἆθλον, ἄθλου, τό",noun 2 n,"prize, reward"
ἁθροίζω,"ἁθροίζω or ἀθροίζω, ἀθροίσω, ἤθροισα, ἠθροίσθην",verb,I gather
ἀθροίζω,"ἁθροίζω or ἀθροίζω, ἀθροίσω, ἤθροισα, ἠθροίσθην",verb,I gather
ἀθυμέω,"ἀθυμέω, ἀθυμήσω, ἠθύμησα",verb,I am despondent
αἰδέομαι,"αἰδέομαι, αἰδέσομαι, ᾐδεσάμην, ᾐδέσθην",verb (deponent),"I respect, revere"
αἷμα,"αἷμα, αἵματος, τό",noun 3 n,blood
αἱρέομαι,"αἱρέομαι, αἱρήσομαι, εἱλόμην",verb (deponent),I choose
αἱρέω,"αἱρέω, αἱρήσω, εἷλον, ᾑρέθην",verb,I take
αἴρω,"αἴρω, ἀρῶ, ἦρα, ἤρθην",verb,"I raise, lift"
αἰσθάνομαι,"αἰσθάνομαι, αἰσθήσομαι, ᾐσθόμην",verb (deponent),"I perceive, notice"
αἰσχρός,"αἰσχρός, αἰσχρά, αἰσχρόν",adj 212,"disgraceful, ugly, shameful"
αἰσχύνομαι,"αἰσχύνομαι, αἰσχυνοῦμαι, ᾐσχύνθην",verb (deponent),I am ashamed
αἰσχύνω,"αἰσχύνω, αἰσχυνῶ, ᾔσχυνα",verb,I shame
αἰτέω,"αἰτέω, αἰτήσω, ᾔτησα",verb,I ask for
αἰτία,"αἰτία, αἰτίας, ἡ",noun 1 f,"cause, charge, blame"
αἰτιάομαι,"αἰτιάομαι, αἰτιάσομαι, ᾐτιασάμην, ᾐτιάθην",verb (deponent),"I blame, accuse"
αἴτιος,"αἴτιος, αἰτία, αἴτιον",adj 212,responsible
αἰχμάλωτος,"αἰχμάλωτος, αἰχμαλώτου, ὁ",noun 2 m,prisoner (of war)
ἀκούω,"ἀκούω, ἀκούσομαι, ἤκουσα, ἠκούσθην + GEN",verb,"I hear, listen"
ἄκρος,"ἄκρος, ἄκρα, ἄκρον",adj 212,top (of)
ἀκτή,"ἀκτή, ἀκτῆς, ἡ",noun 1 f,shore
ἄκων,"ἄκων, ἄκουσα, ἆκον",adj 212,unwilling
ἀληθής,"ἀληθής, ἀληθές",adj 33,true
ἅλις,ἅλις,adv,enough
ἀλλά,ἀλλά,conj,but
ἀλλήλους,"ἀλλήλους, ἀλλήλας, ἄλληλα",pronoun,each other
ἄλλος,"ἄλλος, ἄλλη, ἄλλο",adj 212,"other, another"
ἁμ' ἡμέρᾳ,ἁμ' ἡμέρᾳ,prep phrase,at daybreak
ἅμα,ἅμα,adv,at the same time; together with
ἅμα,ἅμα,prep,at the same time as DAT; together with DAT
ἁμαρτάνω,"ἁμαρτάνω, ἁμαρτήσομαι, ἥμαρτον",verb,"I make a mistake, miss, fail"
ἀμύνομαι,"ἀμύνομαι, ἀμυνοῦμαι, ἠμυνάμην",verb (deponent),I resist
ἀμύνω,"ἀμύνω, ἀμυνῶ, ἤμυνα",verb,"I ward off +acc, defend +dat"
ἀμφί,ἀμφί,prep,"around, near (+ acc.); concerning (+ gen.)"
ἀμφότερος,"ἀμφότερος, ἀμφοτέρα, ἀμφότερον",adj 212,both
ἄν,ἄν,particle,"would, could (indefinite)"
ἀνά,ἀνά,prep,up (+ acc.)
ἀναγιγνώσκω,"ἀναγιγνώσκω, ἀναγνώσομαι, ἀνέγνων, ἀνεγνώσθην",verb,I read
ἀναγκάζω,"ἀναγκάζω, ἀναγκάσω, ἠνάγκασα, ἠναγκάσθην",verb,"I compel, force"
ἀνάγκη,"ἀνάγκη, ἀνάγκης, ἡ",noun 1 f,necessity
ἀνάγομαι,"ἀνάγομαι, ἀνάξομαι, ἀνηγαγόμην",verb (deponent),I put to sea
ἀναχωρέω,"ἀναχωρέω, ἀναχωρήσω, ἀνεχώρησα",verb,"I retreat, withdraw"
ἀνδρεία,"ἀνδρεία, ἀνδρείας, ἡ",noun 1 f,"courage, manliness"
ἀνδρεῖος,"ἀνδρεῖος, ἀνδρεία, ἀνδρεῖον",adj 212,"brave, manly"
ἄνεμος,"ἄνεμος, ἀνέμου, ὁ",noun 2 m,wind
ἄνευ,ἄνευ,prep,without GEN
ἀνήρ,"ἀνήρ, ἀνδρός, ὁ",noun 3 m,"man, husband"
ἄνθρωπος,"ἄνθρωπος, ἀνθρώπου, ὁ",noun 2 m,"person, man"
ἀντί,ἀντί,prep,instead of GEN
ἄξιος,"ἄξιος, ἀξία, ἄξιον",adj 212,"worthy, deserving"
ἀξιόω,"ἀξιόω, ἀξιώσω, ἠξίωσα, ἠξιώθην",verb,"I think fit, demand"
ἅπας,"ἅπας, ἅπασα, ἅπαν",adj 313,"all, every"
ἀπειλέω,"ἀπειλέω, ἀπειλήσω, ἠπείλησα, ἠπείληθην",verb,I threaten
ἀπέχω,"ἀπέχω, ἀφέξω or ἀποσχήσω, ἀπέσχον",verb,I am distant
ἀπό,ἀπό,prep,from GEN
ἀποθνῄσκω,"ἀποθνῄσκω, ἀποθανοῦμαι, ἀπέθανον",verb,"I die, am killed"
ἀποκρίνομαι,"ἀποκρίνομαι, ἀποκρινοῦμαι, ἀπεκρινάμην",verb (deponent),"I answer, reply"
ἀποκτείνω,"ἀποκτείνω, ἀποκτενῶ, ἀπέκτεινα",verb,I kill
ἀπόλλυμι,"ἀπόλλυμι, ἀπολῶ, ἀπώλεσα",verb (mi),"I lose, destroy, perish (middle)"
ἀπολογέομαι,"ἀπολογέομαι, ἀπολογήσομαι, ἀπελογησάμην (mid) or ἀπελογηθην (pass), ἀπολελογημαι",verb (deponent),I make my defence
ἀπορέω,"ἀπορέω, ἀπορήσω, ἠπόρησα",verb,I am at a loss
ἀπορία,"ἀπορία, ἀπορίας, ἡ",noun 1 f,"perplexity, difficulty"
ἀποστερέω,"ἀποστερέω, ἀποστερήσω, ἀπεστέρησα, ἀπεστερήθην",verb,I deprive
ἀποχωρέω,ἀποχωρέω,verb,"I retreat, withdraw"
ἀπροσδόκητος,"ἀπροσδόκητος, ἀπροσδόκητον",adj 22,unexpected
ἅπτομαι,"ἅπτομαι, ἅψομαι, ἡψάμην",verb (deponent),I lay hold of GEN
ἄρα,ἄρα,particle,…then…
ἆρα,ἆρα,particle,= a question
ἀργύριον,"ἀργύριον, ἀργυρίου, τό",noun 2 n,money
ἀργυροῦς,"ἀργυροῦς, ἀργυρᾶ, ἀργυροῦν",adj 212,made of silver
ἀρετή,"ἀρετή, ἀρετῆς, ἡ",noun 1 f,"excellence, virtue"
ἀριθμός,"ἀριθμός, ἀριθμοῦ, ὁ",noun 2 m,number
ἀριστερός,"ἀριστερός, ἀριστερά, ἀριστερόν",adj 212,left
ἅρμα,"ἅρμα, ἅρματος, τό",noun 3 n,chariot
ἁρπάζω,"ἁρπάζω, ἁρπάσω, ἥρπασα, ἡρπάσθην",verb,I seize
ἄρτι,ἄρτι,adv,recently
ἀρχή,"ἀρχή, ἀρχῆς, ἡ",noun 1 f,"beginning, rule, power, empire"
ἄρχομαι,"ἄρχομαι, ἄρξομαι, ἠρξάμην",verb (deponent),I begin
ἄρχω,"ἄρχω, ἄρξω, ἦρξα, ἤρχθην",verb,I rule GEN
ἄρχων,"ἄρχων, ἄρχοντος, ὁ",noun 3 m,"ruler, magistrate"
ἀσεβής,"ἀσεβής, ἀσεβές",adj 33,impious
ἀσθενής,"ἀσθενής, ἀσθενές",adj 33,weak
ἄσμενος,"ἄσμενος, ἀσμένη, ἄσμενον",adj 212,glad
ἀσπίς,"ἀσπίς, ἀσπίδος, ἡ",noun 3 f,shield
ἄστυ,"ἄστυ, ἄστεως, τό",noun 3 n,city
ἀσφάλεια,"ἀσφάλεια, ἀσφαλείας, ἡ",noun 1 f,safety
ἀσφαλής,"ἀσφαλής, ἀσφαλές",adj 33,safe
ἅτε,ἅτε,conj,"in as much as, seeing that"
ἄτη,"ἄτη, ἀτης, ἡ",noun 1 f,"bewilderment, infatuation, madness"
αὖ,αὖ,adv,"in turn, again"
αὖθις,αὖθις,adv,"in turn, again"
αὐξάνω,"αὐξάνω, αὐξήσω, ηὔξησα, ηὐξήθην",verb,I increase
αὔριον,αὔριον,adv,tomorrow
αὐτίκα,αὐτίκα,adv,at once
αὐτόν,"αὐτόν, αὐτήν αὐτό",pronoun,(acc./gen./dat. only —also plural) him; her; it; them
αὑτόν,αὑτόν,pronoun,himself
αὐτός,"αὐτός, αὐτή, αὐτό",adj 212,"himself; same; him, her, it, them"
ἀφικνέομαι,"ἀφικνέομαι, ἀφίξομαι, ἀφικόμην",verb (deponent),I arrive
ἀφίσταμαι,"ἀφίσταμαι, ἀποστήσομαι, ἀπέστην",verb (deponent),I revolt
ἀφίστημι,"ἀφίστημι, ἀποστήσω, ἀπέστησα",verb (mi),I make to revolt
βαδίζω,"βαδίζω, βαδιοῦμαι, ἐβάδισα",verb,I walk
βαθύς,"βαθύς, βαθεῖα, βαθύ",adj 313,deep
βαίνω,"βαίνω, βήσομαι, ἔβην",verb,I go
βάλλω,"βάλλω, βαλῶ, ἔβαλον, ἐβλήθην",verb,"I throw, fire at, hit (with missile)"
βάρβαρος,"βάρβαρος, βάρβαρον",adj 22,"non-Greek, foreigner, barbarian"
βαρύς,"βαρύς, βαρεῖα, βαρύ",adj 313,"heavy, grievous"
βασίλεια,"βασίλεια, βασιλείης, ἡ",noun 1 f,"queen, princess"
βασιλεύς,"βασιλεύς, βασιλέως, ὁ",noun 3 m,king 
βέβαιος,"βέβαιος, βέβαιον",adj 22,"firm, trusty, sure"
βία,"βία, βίας, ἡ",noun 1 f,"force, strength"
βίβλος,"βίβλος, βίβλου, ἡ",noun 2 f,book
βίος,"βίος, βίου, ὁ",noun 2 m,life
βλάπτω,"βλάπτω, βλάψω, ἔβλαψα, ἐβλάφθην",verb,"I harm, damage"
βλέπω,"βλέπω, βλέψω, ἔβλεψα",verb,I look
βοάω,"βοάω, βοήσομαι, ἐβόησα",verb,I shout
βοή,"βοή, βοῆς, ἡ",noun 1 f,shout
βοήθεια,"βοήθεια, βοηθείας, ἡ",noun 1 f,help
βοηθέω,"βοηθέω, βοηθήσω, ἐβοήθησα, ἐβοήθην",verb,"I help, came to help DAT"
βουλεύομαι,"βουλεύομαι, βουλεύσομαι, ἐβουλευσάμην",verb (deponent),"I discuss, plan, consider"
βουλεύω,"βουλεύω, βουλεύσω, ἐβούλευσα",verb,"I discuss, plan, consider"
βουλή,"βουλή, βουλῆς, ἡ",noun 1 f,"counsel, council, plan"
βούλομαι,"βούλομαι, βουλήσομαι, ἐβουλήθην",verb (deponent),I wish
βραδύς,"βραδύς, βραδεῖα, βραδύ",adj 313,slow
βωμός,"βωμός, βωμοῦ, ὁ",noun 2 m,altar
γαμέομαι,"γαμέομαι, γαμοῦμαι, ἐγημάμην",verb (deponent),I marry
γαμέω,"γαμέω, γαμῶ, ἔγημα, ἐγαμήθην",verb,I marry
γάρ,γάρ,particle,for
γε,γε,particle,"at any rate, at least, even"
γελάω,"γελάω, γελάσομαι, ἐγέλασα, ἐγελάσθην",verb,I laugh
γένος,"γένος, γένους, τό",noun 3 n,"type, family, race"
γέρων,"γέρων, γέροντος, ὁ",noun 3 m,old man
γέφυρα,"γέφυρα, γεφύρας, ἡ",noun 1 f,bridge
γῆ,"γῆ, γῆς, ἡ",noun 1 f,"land, earth"
γίγνομαι,"γίγνομαι, γενήσομαι, ἐγενόμην",verb (deponent),"I become, happen, occur"
γιγνώσκω,"γιγνώσκω, γνώσομαι, ἔγνων, ἐγνώσθην",verb,"I (get to) know, realise, understand"
γλῶσσα,"γλῶσσα, γλώσσης, ἡ",noun 1 f,"tongue, language"
γνώμη,"γνώμη, γνώμης, ἡ",noun 1 f,"opinion, judgement, intention"
γοῦν,γοῦν,particle,"at any rate, at least"
γράφω,"γράφω, γράψω, ἔγραψα, ἐγράφην",verb,"I write, draw"
γυμνός,"γυμνός, γυμνή, γυμνόν",adj 212,"naked, unarmed"
γυνή,"γυνή, γυναικός, ἡ",noun 3 f,"woman, wife"
δακρύω,"δακρύω, δακρύσω, ἐδάκρυσα",verb,"I weep, cry"
δέ,δέ,conj,"and, but"
δεῖ,"δεῖ, δεήσει, ἐδέησε",verb (impers),it is necessary + ACC
δείκνυμι,"δείκνυμι, δείξω, ἔδειξα, ἐδείχθην",verb (mi),I show
δεινός,"δεινός, δεινή, δεινόν",adj 212,"terrible, clever, strange"
δεῖπνον,"δεῖπνον, δείπνου, τό",noun 2 n,"dinner, meal"
δένδρον,"δένδρον, δένδρου, τό",noun 2 n,tree
δεξιά,"δεξιά, δεξιᾶς, ἡ",noun 1 f,right hand
δεξιός,"δεξιός, δεξιά, δεξιόν",adj 212,right; skilled
δέομαι,"δέομαι, δεήσομαι, ἐδεήθην",verb (deponent),I ask; need
δεσμός,"δεσμός, δεσμοῦ, ὁ",noun 2 m,"bond, fetter"
δεσμωτήριον,"δεσμωτήριον, δεσμωτηρίου, τό",noun 2 n,prison
δεσμώτης,"δεσμώτης, δεσμώτου, ὁ",noun 1 m,prisoner
δέσποινα,"δέσποινα, δεσποίνας, ἡ",noun 1 f,mistress
δεσπότης,"δεσπότης, δεσπότου, ὁ",noun 1 m,master
δεῦρο,δεῦρο,adv,hither
δέχομαι,"δέχομαι, δέξομαι, ἐδεξάμην",verb (deponent),"I receive, welcome"
διάκειμαι,"διάκειμαι + ADV, κείσομαι, ἐκείμην",verb (deponent),"Iam +ADV, am regarded +ADV"
δή,δή,adv,indeed [emphasises preceding word]
δῆλος,"δῆλος, δήλη, δῆλον",adj 212,"clear, certain"
δηλόω,"δηλόω, δηλώσω, ἐδήλωσα, ἐδηλώθην",verb,"I show, point out"
δῆμος,"δῆμος, δήμου, ὁ",noun 2 m,"people, community"
δήπου,δήπου,adv,of course
δῆτα,δῆτα,adv,"of course, certainly"
δι' ὀλίγου,δι' ὀλίγου,prep phrase,soon
διά,διά,prep,through GEN
διά,διά,prep,"on account of, because of ACC"
διὰ τί,διὰ τί,interrog,why?
διαβαίνω,"διαβαίνω, διαβήσομαι, διέβην, διαβέβηκα",verb,I cross
διαλέγομαι,"διαλέγομαι, διαλέξομαι, διελεξάμην, διελέχθην",verb (deponent),I converse
διαφθείρω,"διαφθείρω, διαφθερῶ, διέφθειρα, διεφθάρην",verb,"I destroy, corrupt"
διδάσκω,"διδάσκω, διδάξω, ἐδίδαξα, ἐδιδάχθην",verb,"I teach, tell"
δίδωμι,"δίδωμι, δώσω, ἔδωκα, ἐδόθην",verb (mi),I give
διηγέομαι,"διηγέομαι, διηγήσομαι, διηγησάμην",verb (deponent),I narrate
δίκαιος,"δίκαιος, δικαία, δίκαιον",adj 212,"upright, just, fair"
δικαιοσύνη,"δικαιοσύνη, δικαιοσύνης, ἡ",noun 1 f,justice
δίκη,"δίκη, δίκης, ἡ",noun 1 f,"justice; lawsuit, penalty"
δίκην δίδωμι,δίκην δίδωμι,verb phrase,"I pay the penalty, suffer the punishment"
διότι,διότι,conj,because
διφρηλατέω,διφρηλατέω,verb,drive a chariot
διώκω,"διώκω, διώξω, ἐδίωξα, ἐδιώχθην",verb,"I pursue, prosecute, chase"
δοκεῖ,δοκεῖ,verb (impers),"it seems good to DAT, DAT decides to INF"
δοκέω,"δοκέω, δόξω, ἔδοξα",verb,"I seem, think"
δόλος,"δόλος, δόλου, ὁ",noun 2 m,trickery
δόξα,"δόξα, δόξας, ἡ",noun 1 f,"opinion, glory"
δουλεύω,"δουλεύω, δουλεύσω, ἐδούλευσα",verb,I am a slave
δούλη,"δούλη, δούλης, ἡ",noun 1 f,female slave
δοῦλος,"δοῦλος, δούλου, ὁ",noun 2 m,slave
δουλόω,"δουλόω, δουλώσω, ἐδούλωσα, ἐδουλώθην",verb,I enslave
δράω,"δράω, δράσω, ἔδρασα, ἐδράσθην",verb,I do
δρόμος,"δρόμος, δρόμου, ὁ",noun 2 m,"flight, run"
δύναμαι,"δύναμαι, δυνήσομαι, ἐδυνήθην",verb (deponent),I can
δύναμις,"δύναμις, δυνάμεως, ἡ",noun 3 f,"power, capacity"
δυνατός,"δυνατός, δυνατή, δυνατόν",adj 212,"powerful, able; possible"
δύστηνος,δύστηνος,adj 212,"wretched, unhappy, unfortunate, disastrous"
δυστυχής,"δυστυχής, δυστυχές",adj 33,"unfortunate, unlucky"
δῶρον,"δῶρον, δώρου, τό",noun 2 n,"gift, present"
ἐάν,ἐάν,conj,if
ἑαυτόν,"ἑαυτόν, ἑαυτήν, ἑαυτό",pronoun,himself
ἐάω,"ἐάω, ἐάσω, εἴασα, εἰάθην",verb,I allow
ἐγγύς,ἐγγύς,prep,"near (as prep, takes gen)"
ἐγώ,"ἐγώ, ἐμοῦ",pronoun,I / myself
ἔγωγε,ἔγωγε,pronoun,"I (emphatic), I for my part"
ἐθέλω,"ἐθέλω, ἐθελήσω, ἠθέλησα",verb,"I am willing, wish"
ἔθνος,"ἔθνος, ἔθνους, τό",noun 3 n,tribe
εἰ,εἰ,conj,if
εἰδέναι,εἰδέναι,verb (irreg),to know
εἰκός,"εἰκός, εἰκότος, τό",noun 3 n,probability
εἰμί,"εἰμί, ἔσομαι, ἦν",verb (def),I am
εἰρήνη,"εἰρήνη, εἰρήνης, ἡ",noun 1 f,peace
εἰς,εἰς,prep,"into, to ACC"
εἰσβάλλω,"εἰσβάλλω, εἰσβαλῶ, εἰσέβαλον, εἰσεβλήθην",verb,"I invade, throw into"
εἰσβολή,"εἰσβολή, εἰσβολῆς, ἡ",noun 1 f,invasion; pass
εἴτε,εἴτε … εἴτε …,conj,whether … or …
ἐκ,"ἐκ, ἐξ before vowel",prep,"out of, from GEN"
ἕκαστος,"ἕκαστος, ἑκάστη, ἕκαστον",adj 212,each
ἑκάτερος,"ἑκάτερος, ἑκατέρα, ἑκάτερον",adj 212,each (of two)
ἐκεῖ,ἐκεῖ,adv,there
ἐκεῖθεν,ἐκεῖθεν,adv,thence
ἐκεῖνος,"ἐκεῖνος, ἐκείνη, ἐκεῖνο",adj 212,that
ἐκεῖσε,ἐκεῖσε,adv,thither
ἐκκλησία,"ἐκκλησία, ἐκκλησίας, ἡ",noun 1 f,"assembly, meeting"
ἐκποδών,ἐκποδών,adv,out of the way
ἐκφεύγω,"ἐκφεύγω, ἐκφεύξομαι, ἐξεφυγον, ἐκπέφευγα",verb,I escape
ἑκών,"ἑκών, ἑκοῦσα, ἑκόν",adj 212,willing
ἐλαύνω,"ἐλαύνω, ἐλῶ, ἤλασα, ἠλάθην",verb,I drive
ἐλευθερία,"ἐλευθερία, ἐλευθερίας, ἡ",noun 1 f,freedom
ἐλεύθερος,"ἐλεύθερος, ἐλευθέρα, ἐλεύθερον",adj 212,free
ἐλευθερόω,"ἐλευθερόω, ἐλευθερώσω, ἠλευθέρωσα, ἠλευθερώθην",verb,I free
ἕλκω,"ἕλκω, ἕλξω, εἵλκυσα, εἱλκύσθην",verb, I drag
Ἑλλάς,"Ἑλλάς, Ἑλλάδος, ἡ",noun 3 f,Greece
Ἕλλην,"Ἕλλην, Ἕλληνος ὁ",noun 3 m,Greek (as in 'a Greek man')
ἐλπίζω,"ἐλπίζω, ἐλπιῶ, ἤλπισα, ἠλπίσθην",verb,"I hope, expect"
ἐμαυτόν,"ἐμαυτόν, ἐμαυτήν",pronoun,myself (reflexive)
ἐμός,"ἐμός, ἐμή, ἐμόν",adj 212,my
ἔμπροσθεν,ἔμπροσθεν,prep,"before, in front of (+ gen.); earlier, in front (adverb)"
ἐν,ἐν,prep,"in, on DAT"
ἐναντίος,"ἐναντίος, ἐναντία, ἐναντίον",adj 212,"opposite, contrary"
ἕνεκα,ἕνεκα,prep,"on account of, for the sake of GEN"
ἔνθα,ἔνθα,adv,"there, then, when"
ἐνθάδε,ἐνθάδε,adv,"here, there"
ἐνθένδε,ἐνθένδε,adv,"from here, from then"
ἐνιαυτός,"ἐνιαυτός, ἐνιαυτοῦ, ὁ",noun 2 m,year
ἔνιοι,"ἔνιοι, ἔνιαι , ἔνια",adj 212,some
ἐνίοτε,ἐνίοτε,adv,sometimes
ἐννοέω,"ἐννοέω, ἐννοήσω, ἐνενόησα",verb,"I consider, think of"
ἔνοικος,"ἔνοικος, ἐνοίκου, ὁ",noun 2 m,inhabitant
ἐνταῦθα,ἐνταῦθα,adv,"here, there, then"
ἐντεῦθεν,ἐντεῦθεν,adv,"hence, thence, thereupon"
ἐντυγχάνω,"ἐντυγχάνω, ἐντεύξομαι, ἐνέτυχον",verb,I meet DAT
ἐξ οὑ,ἐξ οὑ,conj,since the time when
ἐξαίφνης,ἐξαίφνης,adv,suddenly
ἐξαπατάω,"ἐξαπατάω, ἐξαπατήσω, ἐξηπάτησα, ἐξηπατήθην",verb,I deceive
ἔξεστι,ἔξεστι,verb (impers),"it is allowed for, is possible for DAT, DAT can"
ἔξω,ἔξω,prep,outside GEN
ἑορτή,"ἑορτή, ἑορτῆς, ἡ",noun 1 f,festival
ἐπαινέω,"ἐπαινέω, ἐπαινέσω, ἐπῄνεσα, ἐπῃνέθην",verb,I praise
ἐπανέρχομαι,"ἐπανέρχομαι, ἐπάνειμι, ἐπανῆλθον",verb (deponent),I return
ἐπεί,ἐπεί,conj,"since, when"
ἐπεὶ τάχιστα,ἐπεὶ τάχιστα,conj,as soon as
ἐπειδάν,ἐπειδάν,conj,whenever
ἐπειδή,ἐπειδή,conj,"since, when"
ἔπειτα,"ἔπειτα, εἶτα",adv,"then, afterwards"
εἶτα,"ἔπειτα, εἶτα",adv,"then, afterwards"
ἐπί,ἐπί,prep,on condition of DAT
ἐπί,ἐπί,prep,on GEN
ἐπί,ἐπί,prep,"against, onto, on, at ACC"
ἐπίσχω,"ἐπίσχω, see ἐχω",verb,hold
ἐπιβουλεύω,"ἐπιβουλεύω, see βουλεύω",verb,"plot, contrive against + DAT"
ἐπιλανθάνομαι,"ἐπιλανθάνομαι, ἐπιλήσομαι, ἐπελαθόμην",verb (deponent),I forget + GEN
ἐπίσταμαι,"ἐπίσταμαι, ἐπιστήσομαι, ἠπιστήθην",verb (deponent),"I understand, know (how to)"
ἐπιστολή,"ἐπιστολή, ἐπιστολῆς, ἡ",noun 1 f,letter
ἐπιτήδειος,"ἐπιτήδειος, ἐπιτηδεια, ἐπιτηδειον",adj 212,"useful, serviceable, necessary"
ἐπιτήδειος,"ἐπιτήδειος, ἐπιτήδειου, ὁ",noun 2 m,a close friend
ἐπιτήδεια,"ἐπιτήδεια, ἐπιτηδείων, τά",noun 2 n,provisions
ἐπιτρέπω,"ἐπιτρέπω, ἐπιτρέψω, ἐπέτρεψα, ἐπετράπην",verb,I entrust
ἕπομαι,"ἕπομαι, ἕψομαι, ἑσπόμην",verb (deponent),I follow + DAT
ἐργάζομαι,"ἐργάζομαι, ἐργάσομαι, εἰργασάμην, εἰργάσθην",verb (deponent),I work
ἔργον,"ἔργον, ἔργου, τό",noun 2 n,"work, deed, task, action"
ἐρῆμος,"ἐρῆμος, ἐρήμη, ἐρῆμον",adj 212,deserted
ἔρχομαι,"ἔρχομαι, εἶμι, ἦλθον",verb (deponent),"I go, come"
ἐρωτάω,"ἐρωτάω, ἐρωτήσω, ἠρόμην",verb,I ask (a question)
ἐσθίω,"ἐσθίω, ἔδομαι, ἔφαγον",verb,I eat
ἑσπέρα,"ἑσπέρα, ἑσπέρας, ἡ",noun 1 f,"evening, west"
ἔσχατος,"ἔσχατος, ἐσχάτη, ἔσχατον",adj 212,"last, furthest"
ἑταῖρος,"ἑταῖρος, ἑταίρου, ὁ",noun 2 m,companion
ἕτερος,"ἕτερος, ἑτέρα, ἕτερον",adj 212,one; the other; different
ἔτι,ἔτι,adv,"still, yet"
ἑτοῖμος,"ἑτοῖμος, ἑτοῖμον or ἑτοίμη, ἑτοῖμον",adj 212,ready
ἔτος,"ἔτος, ἔτους, τό",noun 3 n,year
εὖ,εὖ,adv,well
εὐγενής,"εὐγενής, εὐγενές",adj 33,noble
εὐδαίμων,"εὐδαίμων, εὔδαιμον",adj 33,"happy, prosperous"
εὐθύς,εὐθύς,adv,"at once, immediately"
εὑρίσκω,"εὑρίσκω, εὑρήσω, ηὗρον, ηὑρέθην",verb,I find
εὐρύς,"εὐρύς, εὐρεῖα, εὐρύ",adj 313,"broad, wide"
εὐσεβής,"εὐσεβής, εὐσεβές",adj 33,pious
εὐτυχής,"εὐτυχής, εὐτυχές",adj 33,"fortunate, lucky"
εὔχομαι,"εὔχομαι, εὔξομαι, ηὐξάμην",verb (deponent),I pray
ἐφ' ᾧτε,ἐφ' ᾧτε,conj,on condition that
ἐχθρός,"ἐχθρός, ἐχθρά, ἐχθρόν",adj 212,hostile
ἔχω,"ἔχω, ἕξω or σχήσω, εἶχον (impf), ἔσχον (aor)",verb,"I have, hold; + adverb ""be"" + infinitive ""can"""
ἕως,ἕως,conj,"while, until"
ζάω,"ζάω, ζήσω or ζήσομαι, ἔζησα",verb,I live
Ζεύς,"Ζεύς, Δίος, ὁ",noun 3 m,Zeus
ζητέω,"ζητέω, ζητήσω, ἐζήτησα, ἐζητήθην",verb,I seek
ἤ,ἤ,conj,than; or
ἤ,ἤ…ἤ…,conj,either…or…
ἡγεμών,"ἡγεμών, ἡγεμόνος, ὁ",noun 3 m,"leader, guide"
ἡγέομαι,"ἡγέομαι, ἡγήσομαι, ἡγησάμην",verb (deponent),"I lead DAT, consider"
ἤδη,ἤδη,adv,"(by) now, already"
ἥδομαι,"ἥδομαι, ἡσθήσμαι, ἥσθην",verb (deponent),"I enjoy, am glad"
ἡδύς,"ἡδύς, ἡδεῖα, ἡδύ",adj 313,"pleasant, sweet"
ἥκιστα,ἥκιστα,adv,least; not at all
ἥκω,"ἥκω, ἥξω, ἧκον",verb,I have come
ἥλιος,"ἥλιος, ἡλίου, ὁ",noun 2 m,sun
ἡμᾶς αὐτούς,ἡμᾶς αὐτούς,pronoun,ourselves (reflexive)
ἡμεῖς,"ἡμεῖς, ἡμῶν",pronoun,we
ἡμέρα,"ἡμέρα, ἡμέρας, ἡ",noun 1 f,day
ἡμέτερος,"ἡμέτερος, ἡμετέρα, ἡμέτερον",adj 212,our
ἤν,ἤν,conj,if
ἤπειρος,"ἤπειρος, ἠπείρου, ἡ",noun 2 f,mainland
ἡσυχάζω,"ἡσυχάζω, ἡσυχάσω, ἡσύχασα",verb,"I am calm, am quiet"
ἡσυχία,"ἡσυχία, ἡσυχιας, ἡ",noun 1 f,"rest, quiet"
θάλασσα,"θάλασσα, θαλάσσης, ἡ",noun 1 f,sea
θάνατος,"θάνατος, θανάτου, ὁ",noun 2 m,death
θάπτω,"θάπτω, θάψω, ἔθαψα, ἐτάφην",verb,I bury
θαρρέω,"θαρρέω, θαρρήσω, ἐθάρρησα",verb,I am confident
θαρσέω,"θαρσέω, θαρσήσω, ἐθάρσησα",verb,I am confident
θαυμάζω,"θαυμάζω, θαυμάσομαι, ἐθαύμασα, ἐθαυμάσθην",verb,"I am amazed, admire"
θεά,"θεά, θεᾶς, ἡ",noun 1 f,goddess
θεάομαι,"θεάομαι, θεάσομαι, ἐθεασάμην",verb (deponent),I look at
θεός,"θεός, θεοῦ, ὁ, ἡ",noun 2 c,god
θεράπαινα,"θεράπαινα, θεράπαινης, ἡ",noun 1 f,female servant
θεραπεύω,"θεραπεύω, θεραπεύσω, ἐθεράπευσα, ἐθεραπεύθην",verb,I care for
θεράπων,"θεράπων, θεράποντος, ὁ",noun 3 m,servant
θέρος,"θέρος, θέρους, τό",noun 3 n,summer
θηρεύω,"θηρεύω, θηρεύσομαι, ἐθηρεύσα, τεθήρευκα, τεθήρευμαι, ἐθηρεύθην",verb,I hunt
θηρίον,"θηρίον, θηρίου, τό",noun 2 n,wild beast
θρασύς,"θρασύς, θρασεῖα, θρασύ",adj 313,reckless; bold
θυγάτηρ,"θυγάτηρ, θυγατρός, ἡ",noun 3 f,daughter
θύρα,"θύρα, θύρας, ἡ",noun 1 f,door
θύω,"θύω, θύσω, ἔθυσα, ἐτύθην",verb,I sacrifice
θώραξ,"θώραξ, θώρακος, ὁ",noun 3 m,breast plate
ἰατρός,"ἰατρός, ἰατροῦ, ὁ",noun 2 m,doctor
ἱερεύς,"ἱερεύς, ἱερέως, ὁ",noun 3 m,priest
ἱερόν,"ἱερόν, ἱεροῦ, τό",noun 2 n,temple
ἱερός,"ἱερός, ἱερά, ἱερόν",adj 212,"holy, sacred"
ἵημι,"ἵημι, ἧκα, -ειθην",verb (mi),"I send, hurl, let go, utter"
ἱκανός,"ἱκανός, ἱκανή, ἱκανόν",adj 212,sufficient; capable
ἵνα,ἵνα,conj,"so that, in order to"
ἱππεύς,"ἱππεύς, ἱππέως, ὁ",noun 3 m,"cavalryman, (pl) the cavalry"
ἱππεύω,"ἱππεύω, ἱππεύσω, ἵππευσα",verb,I ride
ἵππος,"ἵππος, ἵππου, ὁ",noun 2 m,horse
ἴσος,"ἴσος, ἴση, ἴσον",adj 212,equal
ἵσταμαι,"ἵσταμαι, στήσομαι, ἔστην, ἑστήκα",verb (deponent),I stand
ἵστημι,"ἵστημι, στήσω, ἔστησα, ἐστάθην",verb (mi),I make to stand
ἰσχυρός,"ἰσχυρός, ἰσχυρά, ἰσχυρόν",adj 212,strong
ἴσως,ἴσως,adv,perhaps
καθεύδω,"καθεύδω, καθευδήσω, ἐκάθευδον",verb,I sleep
καθίζω,"καθίζω, καθιῶ, ἐκάθισα",verb,"I make to sit down, sit down"
καθίσταμαι,"καθίσταμαι, καταστήσομαι, κατέστην, καθεστήκα",verb (deponent),"I am appointed, get (into the state of ...)"
καθίστημι,"καθίστημι, καταστήσω, κατέστησα, καθεστάθην",verb (mi),"I make, appoint, put (into state of …) "
καί,καί,conj,"and, even, also, actually"
καίπερ,καίπερ,particle,although
καιρός,"καιρός, καιροῦ, ὁ",noun 2 m,"right time, opportunity"
καίτοι,καίτοι,conj,and yet
καίω,"καίω, καύσω, ἔκαυσα, ἐκαύθην",verb,"I burn, set on fire"
κακός,"κακός, κακή, κακόν",adj 212,"bad, cowardly, wicked"
καλέω,"καλέω, καλῶ, ἐκάλεσα, ἐκλήθην",verb,"I call, summon"
καλός,"καλός, καλή, καλόν",adj 212,"fine, beautiful, handsome"
κάμνω,"κάμνω, καμοῦμαι, ἔκαμον",verb,"I toil, am weary (of), am tired by"
κατά,κατά,prep,"down, according to, by ACC (e.g. land, sea)"
καταλύω,"καταλύω, λύσω, ἔλυσα, ἐλύθην",verb,"put down, destroy"
κατάσκοπος,"κατάσκοπος, κατασκόπου, ὁ",noun 2 m,spy
καταφρονέω,"καταφρονέω, καταφρονήσω, κατεφρονήσα",verb,I despise GEN
κατηγορέω,"κατηγορέω, κατηγορήσω, κατηγόρησα, κατηγορήθην",verb,I accuse GEN
κεῖμαι,"κεῖμαι, κείσομαι, ἐκείμην",verb (deponent),I lie; am situated
κελεύω,"κελεύω, κελεύσω, ἐκέλευσα, ἐκελεύσθην",verb,I order
κενός,"κενός, κενή, κενόν",adj 212,empty
κέρας,"κέρας, κέρατος, τό",noun 3 n,"horn, wing"
κεφαλή,"κεφαλή, κεφαλῆς, ἡ",noun 1 f,head
κῆρυξ,"κῆρυξ, κήρυκος, ὁ",noun 3 m,herald
κηρύσσω,"κηρύσσω, κηρύξω, ἐκήρυξα, ἐκηρύχθην",verb,I proclaim
κινδυνεύω,"κινδυνεύω, κινδυνεύσω, ἐκινδύνευσα, ἐκινδυνεύθην",verb,I risk; I am likely to
κίνδυνος,"κίνδυνος, κίνδύνου, ὁ",noun 2 m,danger
κινέω,"κινέω, κινήσω, ἐκίνησα, ἐκινήθην",verb,"I move, arouse"
κλέπτω,"κλέπτω, κλέψω, ἔκλεψα, ἐκλάπην",verb,I steal
κλύω,κλύω,verb,hear
κοινός,"κοινός, κοινή, κοινόν",adj 212,common
κολάζω,"κολάζω, κολάσω, ἐκόλασα, ἐκολάσθην",verb,I punish
κομίζω,"κομίζω, κομιῶ, ἐκόμισα, ἐκομίσθην",verb,I bring; convey
κόπτω,"κόπτω, κόψω, ἔκοψα, ἐκόπην",verb,"I cut (down), hit"
κόρη,"κόρη, κόρης, ἡ",noun 1 f,girl
κρατέω,"κρατέω, κρατήσω, ἐκράτησα, ἐκρατήθην",verb,"I control, conquer"
κράτος,"κράτος, κράτους, τό",noun 3 n,"might, force"
κρίνω,"κρίνω, κρινῶ, ἔκρινα, ἐκρίθην",verb,I judge
κριτής,"κριτής, κριτοῦ, ὁ",noun 1 m,judge
κρύπτω,"κρύπτω, κρύψω, ἔκρυψα, ἐκρύφθην",verb,I hide (something)
κτάομαι,"κτάομαι, κτήσομαι, ἐκτησάμην, ἐκτήθην",verb (deponent),"I obtain, get"
κτῆμα,"κτῆμα, κτήματος, τό",noun 3 n,possession
κυβερνήτης,"κυβερνήτης, κυβερνήτου, ὁ",noun 1 m,helmsman
κύκλος,"κύκλος, κύκλου, ὁ",noun 2 m,circle
κωκυτός,"κωκυτός, κωκυτου, ὁ",noun 2 m,wailing
κωλύω,"κωλύω, κωλύσω, ἐκώλυσα, ἐκωλύθην",verb,"I prevent (someone from doing), hinder"
κώμη,"κώμη, κώμης, ἡ",noun 1 f,village
λάθρᾳ,λάθρᾳ,adv,"secretly, in secret"
Λακεδαιμόνιοι,"Λακεδαιμόνιοι, Λακεδαιμονίων, οἱ",noun 3 m,the Spartans
λαμβάνω,"λαμβάνω, λήψομαι, ἔλαβον, ἐλήφθην",verb,"I take, capture"
λανθάνω,"λανθάνω, λήσω, ἐλαθον",verb,I escape the notice of
λέγω,"λέγω, ἐρῶ or λέξω, εἶπον or ἔλεξα, ἐρρήθην or ἐλέχθην",verb,"I say, tell, speak"
λείπω,"λείπω, λείψω, ἔλιπον, ἐλείφθην",verb,I leave (behind)
λίθος,"λίθος, λίθου, ὁ",noun 2 m,stone
λιμήν,"λιμήν, λιμένος, ὁ",noun 3 m,harbour
λίμνη,"λίμνη, λίμνης, ἡ",noun 1 f,marsh
λόγος,"λόγος, λόγου, ὁ",noun 2 m,"word, account, reason, speech, argument, story"
λόγχη,"λόγχη, λόγχης, ἡ",noun 1 f,spear
λοιπόν,"λοιπόν, λοιποῦ, το",noun 2 n,the future
λοιπός,"λοιπός, λοιπή, λοιπόν",adj 212,remaining
λοχαγός,"λοχαγός, λοχαγοῦ, ὁ",noun 2 m,commander
λύομαι,"λύομαι, λύσομαι, ἐλυσάμην",verb (deponent),I ransom
λυπέω,"λυπέω, λυπήσω, ἐλύπησα, ἐλυπήθην",verb,"I annoy, harass"
λύπη,"λύπη, λύπης, ἡ",noun 1 f,"pain, distress"
λύω,"λύω, λύσω, ἔλυσα, ἐλύθην",verb,"I loose, untie, set free"
μακρός,"μακρός, μακρά, μακρόν",adj 212,long
μάλα,μάλα,adv,very
μάλιστα,μάλιστα,adv,"very much, especially"
μᾶλλον,μᾶλλον,adv,more
μανθάνω,"μανθάνω, μαθήσομαι, ἔμαθον",verb,"I learn, understand"
μαντεῖον,"μαντεῖον, μαντείου, τό",noun 2 n,oracle
μάντις,"μάντις, μάντεως, ὁ",noun 3 m,prophet
μάτην,μάτην,adv,in vain
μάχη,"μάχη, μάχης, ἡ",noun 1 f,"fight, battle"
μάχομαι,"μάχομαι, μαχοῦμαι, ἐμαχεσάμην",verb (deponent),I fight
μέγας,"μέγας, μεγάλη, μέγα",adj 313,"great, big"
μέλλω,"μέλλω, μελλήσω, ἐμέλλησα",verb,"I intend, hesitate, am going to"
μέμνημαι,"μέμνημαι, μεμνήσομαι, ἐμνήσθην",verb (deponent),I remember
μέντοι,μέντοι,conj,however; certainly
μένω,"μένω, μενῶ, ἔμεινα",verb,"I remain, await"
μέρος,"μέρος, μέρους, τό",noun 3 n,"part, share"
μέσος,"μέσος, μέση, μέσον",adj 212,middle
μετά,μετά,prep,with GEN
μετά,μετά,prep,after ACC
μεταπέμπομαι,"μεταπέμπομαι, μεταπέμψομαι, μετεπεμψάμην",verb (deponent),I send for
μέχρι,μέχρι,conj,until
μή,μή,adv,not
μηδαμοῦ,μηδαμοῦ,adv,nowhere
μηδαμῶς,μηδαμῶς,adv,"in no way, not at all"
μήδε,μήδε,conj,"and...not, but...not, not even"
μηδείς,"μηδείς, μηδεμία, μηδέν",pronoun,"no-one, nothing, no"
μηδέποτε,μηδέποτε,adv,never
μηκέτι,μηκέτι,adv,no longer
μήν,"μήν, μηνός, ὁ",noun 3 m,month
μήτε,μήτε…μήτε…,conj,neither…nor…
μήτηρ,"μήτηρ, μητρός, ἡ",noun 3 f,mother
μηχανή,"μηχανή, μηχανῆς, ἡ",noun 1 f,device
μικρός,"μικρός, μικρά, μικρόν",adj 212,"small, little"
μισέω,"μισέω, μισήσω, εμίσησα, ἐμισήθην",verb,I hate
μισθός,"μισθός, μισθοῦ, ὁ",noun 2 m,"reward, fee"
μόλις,μόλις,adv,"scarcely, with difficulty"
μόνον,μόνον,adv,only
μόνος,"μόνος, μόνη, μόνον",adj 212,alone
μόρος,"μόρος, μόροῦ, ὁ",noun 2 m,"fate, destiny"
μῦθος,"μῦθος, μύθου, ὁ",noun 2 m,story
μῶρος,"μῶρος, μώρα, μῶρον",adj 212,"foolish, stupid"
ναί,ναί,adv,yes
ναυμαχέω,"ναυμαχέω, ναυμαχήσω, ἐναυμάχησα",verb,I fight a sea-battle
ναυμαχία,"ναυμαχία, ναυμαχίας, ἡ",noun 1 f,sea-battle
ναῦς,"ναῦς, νεώς",noun 3 f,"ship, warship"
ναύτης,"ναύτης, ναύτου, ὁ",noun 1 m,sailor
ναυτικόν,"ναυτικόν, ναυτικοῦ, τό",noun 2 n,fleet
νεανίας,"νεανίας, νεανίου, ὁ",noun 1 m,young man
νεκρός,"νεκρός, νεκροῦ, ὁ",noun 2 m,corpse
νέος,"νέος, νέα, νέον",adj 212,"young, new, recent"
νῆσος,"νῆσος, νήσου, ἡ",noun 2 f,island
νικάω,"νικάω, νικήσω, ἐνίκησα, ἐνικήθην",verb,"I conquer, win"
νίκη,"νίκη, νίκης, ἡ",noun 1 f,victory
νομίζω,"νομίζω, νομιῶ, ἐνόμισα",verb,"I consider, believe, think"
νόμος,"νόμος, νόμου, ὁ",noun 2 m,"law, custom"
νοσέω,"νοσέω, νοσήσω, ἐνόσησα",verb,I am ill
νόσος,"νόσος, νόσου, ἡ",noun 2 f,"illness, disease"
νοῦς,"νοῦς, νοός (irreg) or νοῦ, ὁ",noun 2 m,mind
νῦν,νῦν,adv,now
νύξ,"νύξ, νυκτός, ἡ",noun 3 f,night
νωτος,"νωτος, νωτου ὁ",noun 2 m,back
ξένος,"ξένος, ξένου, ὁ",noun 2 m,"stranger, foreigner, friend, host, guest"
ξίφος,"ξίφος, ξίφους, τό",noun 3 n,sword
ξύλινος,"ξύλινος, ξυλίνη, ξύλινον",adj 212,wooden
ὅδε,"ὅδε, ἥδε, τόδε",pronoun,this
ὁδός,"ὁδός, ὁδοῦ, ἡ",noun 2 f,"road, journey, path, way"
ὅθεν,ὅθεν,conj,whence
οἷ,οἷ,conj,whither
οἶδα,"οἶδα, εἴσομαι, ᾔδη",verb (def),I know
οἴκαδε,οἴκαδε,adv,homewards
οἰκέω,"οἰκέω, οἰκήσω, ᾤκησα, ᾠκήθην",verb,"I dwell, live (in), inhabit"
οἰκία,"οἰκία, οἰκίας, ἡ",noun 1 f,"house, home"
οἴκοθεν,οἴκοθεν,adv,from home
οἴκοι,οἴκοι,adv,at home
οἶκος,"οἶκος, οἴκου, ὁ",noun 2 m,home
οἰκτίρω,"οἰκτίρω, οἰκτιρῶ, ᾤκτιρα",verb,I pity
οἶνος,"οἶνος, οἴνου, ὁ",noun 2 m,wine
οἷος,"οἷος, οἵα, οἷον",adj 212,such (as)
οἷός τ' εἰμί,οἷός τ' εἰμί,verb (irreg),"I can, am able"
ὀλίγος,"ὀλίγος, ὀλίγη, ὀλίγον",adj 212,"small, few (pl)"
ὄμνυμι,"ὄμνυμι, ὀμοῦμαι, ὤμοσα, ὠμόθην or ὠμόσθην",verb (mi),I swear
ὅμοιος,"ὅμοιος, ὁμοία, ὅμοιον",adj 212,"similar, like"
ὁμολογέω,"ὁμολογέω, ὁμολογήσω, ὡμολόγησα, ὡμολογήθην",verb,"I agree, admit"
ὅμως,ὅμως,adv,nevertheless
ὄνομα,"ὄνομα, ὀνόματος, τό",noun 3 n,name
ὀξύς,"ὀξύς, ὀξεῖα, ὀξύ",adj 313,"sharp, bitter"
ὄπισθεν,ὄπισθεν,adv,"behind, in future"
ὅπλα,"ὅπλα, ὅπλων, τά",noun 2 n,"arms, armour, weapons"
ὁπλίζω,"ὁπλίζω, ὁπλίσω",verb,I arm
ὁπλίτης,"ὁπλίτης, ὁπλίτου, ὁ",noun 1 m,hoplite
ὅποθεν,ὅποθεν,conj,from where
ὅποι,ὅποι,conj,to where
ὁποῖος,"ὁποῖος, ὁποία, ὁποῖον",adj 212,of what sort
ὁπόσος,"ὁπόσος, ὁπόση, ὁπόσον",adj 212,"how great, how much, how many;"
ὁπότε,ὁπότε,conj,when
ὁπότερος,"ὁπότερος, ὁποτέρα, ὁπότερον",adj 212,which (of two)
ὅπως,ὅπως,conj,"so that, how"
ὁράω,"ὁράω, ὄψομαι, εἶδον, ὤφθην",verb,I see
ὀργή,"ὀργή, ὀργῆς, ἡ",noun 1 f,anger
ὀργίζομαι,"ὀργίζομαι, ὀργιοῦμαι, ὠργίσθην",verb (deponent),I become angry (with DAT)
ὀρθός,"ὀρθός, ὀρθή, ὀρθόν",adj 212,"straight, correct"
ὅρκος,"ὅρκος, ὅρκου, ὁ",noun 2 m,oath
ὁρμάω,"ὁρμάω, ὁρμήσω, ὥρμησα, ὡρμήθην",verb,I set in motion (mid: I set out)
ὄρος,"ὄρος, ὄρους, τό",noun 3 n,"hill, mountain"
ὅς,"ὅς, ἥ, ὅ",pronoun,"who, which"
ὅσος,"ὅσος, ὅση, ὅσον",adj 212,"as much, as big, plural 'as many as'"
ὅστις,"ὅστις, ἥτις, ὅ",pronoun,"who, whoever"
ὅταν,ὅταν,conj,whenever
ὅτε,ὅτε,conj,when
ὅτι,ὅτι,conj,"because, that"
οὐ,"οὐ, οὐκ / οὐχ / οὐχί",adv,not
οὗ,οὗ,conj,where (relative)
οὐδαμοῦ,οὐδαμοῦ,adv,nowhere
οὐδαμῶς,οὐδαμῶς,adv,in no way
οὐδέ,οὐδέ,conj,"and not, nor, not even"
οὐδείς,"οὐδείς, οὐδεμία, οὐδέν",pronoun,no one
οὐκέτι,οὐκέτι,adv,no longer
οὐκοῦν,οὐκοῦν,conj,"therefore, then"
οὔκουν,οὔκουν,conj,"certainly not, at any rate . . not"
οὖν,οὖν,conj,"and so, therefore"
οὔποτε,οὔποτε,adv,never
οὐρανός,"οὐρανός, οὐρανοῦ, ὁ",noun 2 m,"sky, heaven"
οὔτε,οὔτε…οὔτε…,conj,neither…nor…
οὗτος,"οὗτος, αὕτη, τοῦτο",adj 212,this
οὕτω / οὕτως,οὕτω / οὕτως,adv,"thus, so"
ὀφθαλμός,"ὀφθαλμός, ὀφθαλμοῦ, ὁ",noun 2 m,eye
παιδεύω,"παιδεύω, παιδεύσω, ἐπαίδευσα, ἐπαιδεύθην",verb,"I educate, train"
παῖς,"παῖς, παιδός, ὁ, ἡ",noun 3 c,"boy, girl, child, son daughter"
πάλαι,πάλαι,adv,"formerly, long ago, in the past"
παλαιός,"παλαιός, παλαιά, παλαιόν",adj 212,"former, ancient"
πάλιν,πάλιν,adv,"back, again"
πανταχοῦ,πανταχοῦ,adv,everywhere
παρά,παρά,prep,beside DAT
παρά,παρά,prep,from GEN (a person)
παρά,παρά,prep,"contrary to, along, to ACC"
παραδίδωμι,"παραδίδωμι, παραδώσω, παρέδωκα",verb (mi),"I hand over, surrender"
παραινέω,"παραινέω, παραινέσομαι, παρῄνεσα, παρῄνεκα, παρῄνημαι, παρῃνέθην",verb,I advise DAT
παρασκευάζω,"παρασκευάζω, παρασκευάσω, παρεσκεύασα, παρεσκευάσθην",verb,I prepare
πάρειμι,πάρειμι,verb (mi),I am present
πάρεστι,πάρεστι,verb (impers),it is possible
παρέχω,"παρέχω, παρέξω or παρασχήσω, παρέσχον",verb,"I provide, cause, produce"
παρθένος,"παρθένος, παρθένου, ἡ",noun 2 f,virgin
πᾶς,"πᾶς, πᾶσα, πᾶν",adj 313,"every, all"
πάσχω,"πάσχω, πείσομαι, ἔπαθον",verb,"I suffer, experience "
πατήρ,"πατήρ, πατρός, ὁ",noun 3 m,father
πατρίς,"πατρίς, πατρίδος, ἡ",noun 3 f,fatherland
πατρῷος,"πατρῷος, πατρῴα, πατρῷον",adj 212,of a father
παύομαι,"παύομαι, παύσομαι, ἐπαυσάμην",verb (deponent),I cease (from doing something)
παύω,"παύω, παύσω, ἔπαυσα, ἐπαύσθην",verb,I stop 
πεδίον,"πεδίον, πεδίου, τό",noun 2 n,plain
πεζῇ,πεζῇ,adv,on foot
πεζοί,"πεζοί, πεζῶν, οἱ",noun 2 m,infantry
πείθομαι,"πείθομαι, πείσομαι, ἐπιθόμην",verb (deponent),I obey DAT
πείθω,"πείθω, πείσω, ἔπεισα, or ἔπιθον",verb,I persuade
πειράομαι,"πειράομαι, πειράσομαι, ἐπειράθην",verb (deponent),I try
πελταστής,"πελταστής, πελταστοῦ, ὁ",noun 1 m,light-armed soldier
πέμπω,"πέμπω, πέμψω, ἔπεμψα, ἐπέμφθην",verb,"I send, escort"
περί,περί,prep,about GEN
περί,περί,prep,around ACC
περὶ πολλοὺ ποιεῖσθαι,περὶ πολλοὺ ποιεῖσθαι,verb phrase,to value highly
Πέρσης,"Πέρσης, Πέρσου, ὁ",noun 1 m,Persian (i.e. a Persian)
πηδάω,"πηδάω, πηδήσομαι, ἐπήδησα",verb,I leap
πίεζω,"πίεζω, πιέσω, ἐπίεσα",verb,I press hard upon
πίνω,"πίνω, πίομαι, ἔπιον, ἐπόθην",verb,I drink
πίπτω,"πίπτω, πεσοῦμαι, ἔπεσον",verb,I fall
πιστεύω,"πιστεύω, πιστεύσω, ἐπίστευσα",verb,"I believe, trust DAT"
πιστός,"πιστός, πιστή, πιστόν",adj 212,"reliable, faithful, trustworthy"
πλέω,"πλέω, πλεύσομαι, ἔπλευσα",verb,I sail
πλῆθος,"πλῆθος, πλήθους, τό",noun 3 n,"crowd, large number"
πλήν,πλήν,prep,except GEN
πληρόω,"πληρόω, πληρώσω, ἐπλήρωσα, ἐπληρώθην",verb,"I fill, man (a ship)"
πλοῖον,"πλοῖον, πλοίου, τό",noun 2 n,"boat, cargo ship"
πλοῦς,"πλοῦς, πλόος or πλοῦ, ὁ",noun 2 m,voyage
πλούσιος,"πλούσιος, πλουσία, πλούσιον",adj 212,rich
πόθεν,πόθεν,interrog,from where?
ποῖ,ποῖ,interrog,to where?
ποιέομαι,"ποιέομαι, ποιήσομαι, ἐποιησάμην",verb (deponent),I value
ποιέω,"ποιέω, ποιήσω, ἐποίησα, εποιήθην",verb,"I make, do"
ποῖος,"ποῖος, ποία, ποῖον",adj 212,of what sort
πολεμέω,"πολεμέω, πολεμήσω, ἐπολέμησα, ἐπολεμήθην",verb,I fight a war
πολέμιοι,"πολέμιοι, πολεμίων, οἱ",noun 2 m,the enemy
πολέμιος,"πολέμιος, πολεμία, πολέμιον",adj 212,"hostile, of the enemy"
πόλεμος,"πόλεμος, πολέμου, ὁ",noun 2 m,war
πολιορκέω,"πολιορκέω, πολιορκήσω, ἐπολιόρκησα, ἐπολιορκήθην",verb,I besiege
πόλις,"πόλις, πόλεως, ἡ",noun 3 f,"city-state, city"
πολίτης,"πολίτης, πολίτου, ὁ",noun 1 m,citizen
πολλάκις,πολλάκις,adv,often
πολύς,"πολύς, πολλή, πολύ",adj 313,"much, many"
πονέω,"πονέω, πονήσω, ἐπόνησα, ἐπονήθην",verb,"I toil, suffer"
πόνος,"πόνος, πόνου, ὁ",noun 2 m,"toil, pain"
πορεύομαι,"πορεύομαι, πορεύσομαι, ἐπορεύθην",verb (deponent),I march
πόρρω,πόρρω,adv,"forwards, far away"
πόσοι,"πόσοι, πόσαι, πόσα",interrog,how many
πόσος,"πόσος, πόση, πόσον",adj 212,"how great, how much"
ποταμός,"ποταμός, ποταμοῦ, ὁ",noun 2 m,river
ποτε,ποτε,adv,at some time
πότε,πότε,interrog,when
πότερον,πότερον…ἤ…,interrog,(whether)…or…
πότερος,"πότερος, ποτέρα, πότερον",interrog,which (of two)
που,που,adv,somewhere; I suppose
ποῦ,ποῦ,interrog,where?
πούς,"πούς, ποδός, ὁ",noun 3 m,foot
πρᾶγμα,"πρᾶγμα, πράγματος, τό",noun 3 n,"thing, matter"
πρᾶξις,"πρᾶξις, πραξεως, ἡ",noun 3 f,"affair, matter, business, action"
πράσσω,"πράσσω, πράξω, ἔπραξα, ἐπράχθην",verb,"I do, fare, manage"
πρέσβεις,"πρέσβεις, πρεσβέων, οἱ",noun 3 m,ambassadors
πρέσβυς,"πρέσβυς, πρεσβέως, ὁ",noun 3 m,"elder, old man"
πρίν,πρίν,conj,"before, until"
πρό,πρό,prep,"in front of, before GEN"
πρόγονος,"πρόγονος, προγόνου, ὁ",noun 2 m,ancestor
προδίδωμι,"προδίδωμι, προδώσω, προὔδωκα",verb (mi),I betray
προθυμέομαι,"προθυμέομαι, προθυμήσομαι, προὐθουμήθην, προτεθύμημαι",verb (deponent),I am eager
προθυμία,"προθυμία, προθυμίας, ἡ",noun 1 f,"eagerness, zeal"
πρόθυμος,"πρόθυμος, πρόθυμον",adj 22,"eager, ready"
πρός,πρός,prep,in addition to DAT
πρός,πρός,prep,"to, towards, against ACC"
προσβάλλω,"προσβάλλω, προσβαλῶ, προσέβαλον, προσεβλήθην",verb,I attack DAT
πρόσθεν,πρόσθεν,adv,before
πρόσω,πρόσω,verb,"forwards, far away"
προτεραία,"προτεραία, προτεραίας, ἡ",noun 1 f,the day before
πρότερον,πρότερον,adv,"before, formerly"
πρῷ,πρῷ,adv,early
πρῶτον,πρῶτον,adv,first
πύλη,"πύλη, πύλης, ἡ",noun 1 f,gate
πυνθάνομαι,"πυνθάνομαι, πεύσομαι, ἐπυθόμην",verb (deponent),"I ascertain, learn, ask"
πῦρ,"πῦρ, πυρός, τό",noun 3 n,fire
πως,πως,adv,"in some way, somehow"
πῶς,πῶς,interrog,how
ῥᾴδιος,"ῥᾴδιος, ῥᾳδία, ῥᾴδιον",adj 212,easy
ῥήτωρ,"ῥήτωρ, ῥήτορος, ὁ",noun 3 m,"speaker, politician"
ῥίπτω,"ῥίπτω, ῥίψω, ἔρριψα, ἐρρίφθην",verb,I throw
σαφής,"σαφής, σαφές",adj 33,clear
σεαυτόν,"σεαυτόν, σεαυτήν",pronoun,yourself (reflexive pronoun)
σῆμα,"σῆμα, σήματος, το",noun 3 n,"sign, signal"
σημαίνω,"σημαίνω, σημανῶ, ἐσήμηνα, ἐσημάνθην",verb,"I show, give a sign"
σήμερον,σήμερον,adv,today
σιγάω,"σιγάω, σιγήσω, ἐσίγησα, ἐσιγήθην",verb,I am silent
σιγή,"σιγή, σιγῆς, ἡ",noun 1 f,silence
σῖτος,"σῖτος, σίτου, ὁ",noun 2 m,corn; food; bread
σκευή,"σκευή, σκευῆς, ἡ",noun 1 f,"equipment, baggage"
σκηνή,"σκηνή, σκηνῆς, ἡ",noun 1 f,tent
σκοπέω,"σκοπέω, σκέψομαι, ἐσκεψάμην",verb,"I look at, examine"
σκότος,"σκότος, σκότου, ὁ",noun 2 m,darkness
σός,"σός, σή, σόν",adj 212,your
σοφία,"σοφία, σοφίας, ἡ",noun 1 f,"cleverness, wisdom"
σοφός,"σοφός, σοφή, σοφόν",adj 212,"clever, wise"
σπονδαί,"σπονδαί, σπονδῶν, αἱ",noun 1 f,treaty
στάδιον,"στάδιον, σταδίου, τό (pl also στάδιοι)",noun 2 n,stade [a unit of length]
στέλλω,"στέλλω, στελῶ, ἔστειλα, ἐστάλην",verb,"I send, equip"
στενός,"στενός, στενή, στενόν",adj 212,narrow
στόλος,"στόλος, στόλου, ὁ",noun 2 m,expedition
στόμα,"στόμα, στόματος, τό",noun 3 n,mouth
στράτευμα,"στράτευμα, στρατεύματος, τό",noun 3 n,army
στρατεύω,"στρατεύω, στρατεύσω, ἐστράτευσα",verb,"I march, go on an expedition"
στρατηγέω,"στρατηγέω, στρατηγήσω, ἐστρατήγησα",verb,I am general
στρατηγός,"στρατηγός, στρατηγοῦ, ὁ",noun 2 m,"general, commander"
στρατία,"στρατία, στρατίας, ἡ",noun 1 f,army
στρατιώτης,"στρατιώτης, στρατιώτου, ὁ",noun 1 m,soldier
στρατοπεδεύομαι,"στρατοπεδεύομαι, στρατοπεδεύσομαι, ἐστρατοπεδευσάμην",verb (deponent),I encamp
στρατόπεδον,"στρατόπεδον, στρατοπέδου, τό",noun 2 n,camp
στρατός,"στρατός, στρατοῦ, ὁ",noun 2 m,army
σύ,"σύ, σοῦ",pronoun,you
συγγενής,"συγγενής, συγγένους, ὁ",noun 3 m,"related, kin"
συγχωρέω,"συγχωρέω, συγχωρήσω, συνεχώρησα",verb,I agree
συλλέγω,"συλλέγω, συλλέξω, συνέλεξα, συνελέχθην/συνελέγην",verb,"I collect, assemble"
συμβουλεύω,"συμβουλεύω, συμβουλεύσω, συνεβούλευσα",verb,"I advise + dat, consult (middle)"
συμμαχία,"συμμαχία, συμμαχίας, ἡ",noun 1 f,alliance
σύμμαχος,"σύμμαχος, συμμάχου, ὁ",noun 2 m,ally
συμφορά,"συμφορά, συμφορᾶς, ἡ",noun 1 f,"disaster, event, misfortune"
σύν,σύν,prep,with DAT
σφᾶς,"σφᾶς, σφῶν, σφίσιν",pronoun,themselves
σφᾶς αὐτούς,"σφᾶς αὐτούς, σφᾶς αὐτάς, σφῶν αὐτῶν, σφίσιν αὐτοῖς",pronoun,themselves (reflexive)
σφέτερος,"σφέτερος, σφετέρα, σφέτερον",adj 212,their
σφόδρα,σφόδρα,adv,very much
σχεδόν,σχεδόν,adv,"nearly, almost"
σῴζω,"σῴζω, σώσω, ἐσώσα",verb,"I save, keep, get away safely (passive)"
σῶμα,"σῶμα, σώματος, τό",noun 3 n,body
σωτηρία,"σωτηρία, σωτηρίας, ἡ",noun 1 f,safety
σώφρων,"σώφρων, σῶφρον",adj 33,"sensible, sober, moderate"
τάλας,"τάλας, ταλαινα, ταλαν",Adj 313,"suffering, wretched"
τάξις,"τάξις, τάξεως, ἡ",noun 3 f,"arrangement, rank, (battle) order"
ταράσσω,"ταράσσω, ταράξω, ἐτάραξα, ἐταράχθην",verb,I throw into confusion
τάσσω,"τάσσω, τάξω, ἔταξα, ἐτάχθην",verb,"I draw up, arrange"
τάφος,"τάφος, τάφου, ὁ",noun 2 m,tomb
ταχα,ταχ' ἄν,adv,"probably, perhaps"
τάχα,τάχα,adv,"quickly, perhaps / perhaps"
ταχύς,"ταχύς, ταχεῖα, ταχύ",adj 313,"quick, fast"
τε,τε,conj,and
τε,τε…τε…,conj,both…and…
τειχίζω,"τειχίζω, τειχιῶ, ἐτείχισα",verb,I fortify
τείχισμα,"τείχισμα, τειχίσματος, τό",noun 3 n,fortification
τεῖχος,"τεῖχος, τείχους, τό",noun 3 n,wall
τελευτάω,"τελευτάω, τελευτήσω, ἐτελεύτησα, ἐτελευτήθην",verb,I end; die
τελευτή,"τελευτή, τελευτῆς, ἡ",noun 1 f,end
τέλος,"τέλος, τέλους, τό",noun 3 n,"end (adv. in the end), at last, finally"
τέμνω,"τέμνω, τεμῶ, ἔτεμον, ἐτμήθην",verb,I cut
τέχνη,"τέχνη, τέχνης, ἡ",noun 1 f,craft; skill
τίθημι,"τίθημι, θήσω, ἔθηκα, ἐτέθην",verb (mi),I place; make
τιμάω,"τιμάω, τιμήσω, ἐτίμησα, ἐτιμήθην",verb,"I honour, respect"
τιμή,"τιμή, τιμῆς, ἡ",noun 1 f,honour
τις,"τις, τι",article,a
τίς,"τίς, τί",interrog,who?
τοι,τοι,particle,I assure you
τοιοῦτος,"τοιοῦτος, τοιαύτη, τοιοῦτο",adj 212,such
τόλμα,"τόλμα, τόλμης, ἡ",noun 1 f,daring
τολμάω,"τολμάω, τολμήσω, ἐτόλμησα, ἐτολμήθην",verb,I dare
τόξευμα,"τόξευμα, τοξεύματος, τό",noun 3 n,arrow
τοξεύω,"τοξεύω, τοξεύσω, ἐτόξευσα, ἐτοξεύθην",verb,I shoot
τόξον,"τόξον, τοξοῦ, τό",noun 2 n,bow
τοξότης,"τοξότης, τοξότου, ὁ",noun 1 m,archer
τόπος,"τόπος, τόπου, ὁ",noun 2 m,place
τοσοῦτοι,"τοσοῦτοι, τοσαῦται, τοσαῦτα",adj 212,so many
τοσοῦτος,"τοσοῦτος, τοσαύτη, τοσοῦτο",adj 212,so great
τότε,τότε,adv,"at that time, then"
τραῦμα,"τραῦμα, τραύματος, τό",noun 3 n,wound
τραυματίζω,"τραυματίζω, τραυματίσω, ἐτραυμάτισα, ἐτραυματίσθην",verb,I wound
τρέπω,"τρέπω, τρέψω, ἔτρεψα, ἐτράπην",verb,"I turn, rout"
τρέχω,"τρέχω, δραμοῦμαι, ἔδραμον",verb,I run
τριήρης,"τριήρης, τριήρους, ἡ",noun 3 f,trireme
τρόπαιον,"τρόπαιον, τροπαίου, τό",noun 2 n,trophy
τρόπος,"τρόπος, τρόπου, ὁ",noun 2 m,"way, manner, custom"
τροφός,"τροφός, τροφου, ὁ, ἡ",noun 2 m/f,"one who rears, nurse"
τυγχάνω,"τυγχάνω, τεύξομαι, ἔτυχον",verb,I happen to be + participle | I get + genitive
τύπτω,"τύπτω, τυπτήσω, ἔτυπον, ἐτύφθην/ἐτύπην",verb,I strike
τύχη,"τύχη, τύχης, ἡ",noun 1 f,"chance, luck, fortune (good or bad)"
ὑβρίζω,"ὑβρίζω, ὑβριῶ, ὕβρισα, ὑβρίσθην",verb,"I assault, maltreat"
ὕδωρ,"ὕδωρ, ὕδατος, τό",noun 3 n,water
υἱός,"υἱός, υἱοῦ, ὁ",noun 2 m,son
ὕλη,"ὕλη, ὕλης, ἡ",noun 1 f,"wood, forest"
ὑμᾶς αὐτούς,ὑμᾶς αὐτούς,pronoun,you yourselves (reflexive)
ὑμεῖς,"ὑμεῖς, ὑμῶν",pronoun,you
ὑμέτερος,"ὑμέτερος, ὑμετέρα, ὑμέτερον",adj 212,your
ὑπέρ,ὑπέρ,prep,on behalf of GEN
ὑπέρ,ὑπέρ,prep,"above, beyond, over ACC"
ὑπισχνέομαι,"ὑπισχνέομαι, ὑποσχήσομαι, ὑπεσχόμην",verb (deponent),I promise
ὕπνος,"ὕπνος, ὕπνου, ὁ",noun 2 m,sleep
ὑπό,ὑπό,prep,under + acc/dat
ὑπό,ὑπό,prep,by + gen
ὑστεραία,"ὑστεραία, ὑστεραίας, ἡ",noun 1 f,the next day
ὕστερον,ὕστερον,adv,later
ὕστερος,"ὕστερος, ὑστέρα, ὕστερον",adj 212,later
ὑψηλός,"ὑψηλός, ὑψηλή, ὑψηλόν",adj 212,high
φαίνομαι,"φαίνομαι, φανοῦμαι, ἐφάνην",verb (deponent),"I appear, seem"
φάτις,"φάτις, φατεως, ἡ ",Noun 3 f,"report, talk, rumour, oracle"
φέρω,"φέρω, οἴσω, ἤνεγκα, ἠνέχθην",verb,"I carry, bear, endure"
φεύγω,"φεύγω, φεύξομαι, ἔφυγον",verb,"I flee, am accused, am banished, run away"
φημί,"φημί, φήσω, ἔφην",verb (def),I say
φθάνω,"φθάνω, φθήσομαι or φθάσω, ἔφθασα or ἔφθην",verb,I do something first
φθονέω,"φθονέω, φθονήσω, ἐφθόνησα, ἐφθονήθην",verb,"I grudge, resent, envy"
φθόνος,"φθόνος, φθόνου, ὁ",noun 2 m,"grudge, envy"
φιλέω,"φιλέω, φιλήσω, ἐφίλησα, ἐφιλήθην",verb,"I love, like, am accustomed"
φίλη,"φίλη, φίλης, ἡ",noun 1 f,female friend
φιλία,"φιλία, φιλίας, ἡ",noun 1 f,affection
φίλιος,"φίλιος, φιλία, φίλιον",adj 212,"dear, friendly"
φίλος,"φίλος, φίλου, ὁ",noun 2 m,friend
φοβέομαι,"φοβέομαι, φοβήσομαι, ἐφοβήθην",verb (deponent),I fear
φόβος,"φόβος, φόβου, ὁ",noun 2 m,fear
φονεύω,"φονεύω, φονεύσω, ἐφονεύσα, ἐφονεύθην",verb,"I murder, kill"
φράζω,φράζω,verb,"say, tell, point out"
φυγάς,"φυγάς, φυγάδος, ὁ, ἡ",noun 3 c,an exile
φυγή,"φυγή, φυγής, ἡ",noun 1 f,exile
φύλαξ,"φύλαξ, φύλακος, ὁ",noun 3 m,guard
φυλάσσω,"φυλάσσω, φυλάξω, ἐφύλαξα, ἐφυλάχθην",verb,I guard
φωνή,"φωνή, φωνῆς, ἡ",noun 1 f,voice
χαίρω,"χαίρω, χαιρήσω, ἐχάρην",verb,I rejoice; imperitive 'Hello' 'Goodbye'
χαλεπός,"χαλεπός, χαλεπή, χαλεπόν",adj 212,"difficult, harsh, dangerous"
χαλκοῦς,"χαλκοῦς, χαλκῆ, χαλκοῦν",adj 212,brazen
χάριν ἔχω / οἶδα,χάριν ἔχω / οἶδα,verb phrase,I thank
χειμών,"χειμών, χειμῶνος, ὁ",noun 3 m,"winter, storm"
χείρ,"χείρ, χειρός, ἡ",noun 3 f,hand
χθές,χθές,adv,yesterday
χθών,"χθών, χθονος, ἡ",Noun 3 f,earth
χράομαι,"χράομαι, χρήσομαι, ἐχρησάμην",verb (deponent),"I use, treat DAT"
χρή,χρή,verb (impers),it is necessary
χρῆμα,"χρῆμα, χρημάτος, τό",noun 3 n,"thing, goods, property"
χρήματα,"χρήματα, χρημάτων, τά",noun 3 n,money
χρήσιμος,"χρήσιμος, χρησίμη, χρήσιμον",adj 212,useful
χρηστήριον,"χρηστήριον, χρηστηρίου, τό",noun 2 n,oracle
χρόνος,"χρόνος, χρόνου, ὁ",noun 2 m,time
χρυσός,"χρυσός, χρυσοῦ, ὁ",noun 2 m,gold
χρυσοῦς,"χρυσοῦς, χρυσῆ, χρυσοῦν",adj 212,golden
χώρα,"χώρα, χώρας, ἡ",noun 1 f,"land, place, country"
χωρέω,"χωρέω, χωρήσω, ἐχώρησα",verb,I go
χωρίον,"χωρίον, χωρίου, τό",noun 2 n,place
ψεύδομαι,"ψεύδομαι, ψεύσομαι, ἐψευσάμην",verb (deponent),"I lie, I am mistaken"
ψεύδω,"ψεύδω, ψεύσω, ἔψευσα, ἐψεύσθην",verb,"I cheat, deceive"
ψηφίζομαι,"ψηφίζομαι, ψηφιοῦμαι, ἐψηφισάμην, ἐψήφισμαι",verb (deponent),I vote
ὧδε,ὧδε,adv,thus
ὥρα,"ὥρα, ὥρας, ἡ",noun 1 f,time
ὡς,ὡς,conj,"as, when, that, because, how"
ὡς,ὡς + superlative adverb,phrase,as ... as possible
ὥσπερ,ὥσπερ,particle,as if
ὥστε,ὥστε,conj,so that (result)
ὠφελέω,"ὠφελέω, ὠφελήσω, ὠφέλησα, ὠφελήθην",verb,"I benefit, help"
